{"cameraMode":{"drawMode":0,"name":"Shaded","section":"Shading Mode"},"sceneLighting":true,"audioPlay":false,"sceneViewState":{"m_AlwaysRefresh":false,"showFog":true,"showSkybox":true,"showFlares":true,"showImageEffects":true,"showParticleSystems":true,"showVisualEffectGraphs":true,"m_FxEnabled":true},"in2DMode":false,"pivot":{"x":-8.159735679626465,"y":-13.276127815246582,"z":15.782411575317383},"rotation":{"x":0.3096630573272705,"y":-0.24114032089710236,"z":0.08117084205150604,"w":0.9163232445716858},"size":11.250880241394043,"orthographic":false}